[{"convUUID":"e636512b-05eb-4bf6-9d23-63803beb5f24","id":3,"content":"💓","sender":"bastiansmn","messageDate":"04/04/2021 - 20:21","pinned":false,"edited":false,"type":"MESSAGE"},{"convUUID":"e636512b-05eb-4bf6-9d23-63803beb5f24","id":2,"content":"merci ! 😄 ","sender":"bastiansmn1","messageDate":"04/04/2021 à 20:2","pinned":false,"edited":false,"type":"MESSAGE"},{"convUUID":"e636512b-05eb-4bf6-9d23-63803beb5f24","id":1,"content":"c\u0027est le groupe de la classe pour tout l\u0027année ;)","sender":"bastiansmn","messageDate":"04/04/2021 - 20:21","pinned":false,"edited":false,"type":"MESSAGE"}]